sku,precio_reales
9288.0,"749,00"
304.0,"1.679,00"
6888.0,"2.329,00"
11890.0,"2.469,00"
7517.0,"1.939,00"
2831.0,"2.469,00"
2845.0,"2.469,00"
12548.0,"2.469,00"
12536.0,"739,00"
10407.0,"2.329,00"
3983.0,"2.469,00"
3347.0,"669,00"
3348.0,"759,00"
12772.0,"1.839,00"
382.0,"619,00"
10351.0,"2.329,00"
6011.0,0
8260.0,"2.329,00"
12788.0,"2.109,00"
8442.0,"2.329,00"
8498.0,"2.329,00"
8903.0,"1.939,00"
12800.0,"2.469,00"
10378.0,"2.469,00"
7616.0,"409,00"
12802.0,"1.939,00"
7825.0,"1.939,00"
8176.0,"1.069,00"
10464.0,"499,00"
10086.0,"2.689,00"
9946.0,"2.689,00"
318.0,"2.329,00"
6357.0,"2.469,00"
6791.0,"569,00"
10728.0,"2.469,00"
10730.0,"1.939,00"
12520.0,"2.469,00"
12521.0,"2.329,00"
12522.0,"739,00"
7393.0,"2.469,00"
12507.0,"709,00"
3336.0,"2.329,00"
13179.0,"2.329,00"
2952.0,"2.329,00"
2940.0,"2.329,00"
725.0,"2.329,00"
2766.0,"2.469,00"
14296.0,"1.399,00"
12660.0,"829,00"
6343.0,"2.469,00"
3107.0,"2.469,00"
3349.0,"849,00"
9272.0,"659,00"
6023.0,0
12744.0,"1.749,00"
12746.0,"1.939,00"
8246.0,"2.879,00"
8247.0,"2.729,00"
9287.0,"699,00"
723.0,"1.939,00"
6580.0,"1.069,00"
6581.0,"999,00"
9260.0,"1.939,00"
8512.0,"2.329,00"
10394.0,"1.939,00"
1382.0,"2.329,00"
3360.0,"2.329,00"
10408.0,"1.939,00"
10380.0,"1.939,00"
13404.0,"3.589,00"
7001.0,"2.469,00"
2692.0,"599,00"
2832.0,"2.469,00"
10463.0,"2.329,00"
15758.0,"2.469,00"
10462.0,"2.469,00"
2691.0,"1.099,00"
276.0,"1.209,00"
1405.0,"1.939,00"
1381.0,"1.939,00"
12760.0,"1.939,00"
8233.0,"2.469,00"
6663.0,"1.939,00"
12759.0,"1.839,00"
1438.0,"2.329,00"
6831.0,"1.939,00"
2685.0,"2.469,00"
2683.0,"2.469,00"
6847.0,"2.469,00"
2679.0,"2.469,00"
8568.0,"2.329,00"
8992.0,"2.469,00"
7631.0,"2.469,00"
10155.0,"3.129,00"
6371.0,"499,00"
10154.0,"3.009,00"
12773.0,"1.939,00"
2833.0,"2.469,00"
3063.0,"2.469,00"
3119.0,"2.469,00"
3083.0,"2.469,00"
1301.0,"1.309,00"
8513.0,"1.269,00"
3371.0,"2.469,00"
7027.0,"1.939,00"
10156.0,"3.219,00"
5907.0,0
9945.0,"2.569,00"
7070.0,"2.329,00"
2686.0,"2.469,00"
8499.0,"2.469,00"
9398.0,"2.469,00"
6931.0,"1.199,00"
12774.0,"2.109,00"
3203.0,"2.469,00"
2840.0,"2.469,00"
3635.0,"2.469,00"
2699.0,"2.469,00"
6001.0,0
15534.0,"2.329,00"
6903.0,"2.469,00"
3335.0,"2.469,00"
9987.0,"3.129,00"
7083.0,"2.249,00"
297.0,"879,00"
6411.0,"569,00"
1389.0,"1.939,00"
9034.0,"2.469,00"
277.0,"1.309,00"
10742.0,"2.469,00"
9370.0,"2.469,00"
13081.0,"2.329,00"
2770.0,"2.469,00"
214.0,"1.939,00"
3649.0,"1.939,00"
3179.0,"589,00"
8441.0,"1.939,00"
10140.0,"2.469,00"
9216.0,"2.469,00"
10168.0,"2.469,00"
11807.0,"2.329,00"
290.0,"1.069,00"
3191.0,"2.469,00"
5904.0,0
2693.0,"779,00"
2705.0,"2.469,00"
9944.0,"2.469,00"
9902.0,"2.469,00"
4955.0,"2.469,00"
7057.0,"2.469,00"
15383.0,"2.469,00"
291.0,"1.309,00"
2680.0,"2.469,00"
12535.0,"709,00"
506.0,"1.939,00"
12758.0,"1.749,00"
8554.0,"2.329,00"
4441.0,"1.939,00"
8218.0,"4.739,00"
172.0,"1.939,00"
7559.0,"1.939,00"
6315.0,"2.469,00"
2688.0,"2.469,00"
13180.0,"1.939,00"
13178.0,"1.799,00"
3108.0,"2.329,00"
3109.0,"1.939,00"
11863.0,"2.329,00"
3359.0,"2.469,00"
8397.0,"2.469,00"
7139.0,"1.939,00"
7967.0,"2.469,00"
3299.0,"2.469,00"
10519.0,"2.329,00"
10142.0,"2.869,00"
9232.0,"1.939,00"
10350.0,"2.469,00"
2741.0,"549,00"
6873.0,"1.679,00"
6945.0,"2.469,00"
6944.0,"2.329,00"
6833.0,"2.469,00"
8931.0,"1.939,00"
12466.0,"959,00"
8232.0,"1.309,00"
2655.0,"1.939,00"
2718.0,"2.469,00"
8177.0,"2.469,00"
3913.0,"2.049,00"
8259.0,"1.939,00"
403.0,"1.939,00"
8261.0,"1.199,00"
11471.0,"2.329,00"
5004.0,"2.329,00"
12464.0,"2.469,00"
2830.0,"2.469,00"
6929.0,"1.939,00"
409.0,"409,00"
8443.0,"1.269,00"
4007.0,"2.469,00"
11724.0,"1.939,00"
15699.0,"2.329,00"
3068.0,"1.939,00"
3121.0,"1.939,00"
7183.0,"2.469,00"
3301.0,"1.159,00"
5003.0,"2.469,00"
2834.0,"2.469,00"
10393.0,"559,00"
10379.0,"2.329,00"
7659.0,"2.469,00"
7657.0,"1.939,00"
8429.0,"2.469,00"
8428.0,"409,00"
5088.0,"2.329,00"
3372.0,"2.329,00"
11820.0,"2.469,00"
13192.0,"2.469,00"
3361.0,"849,00"
6819.0,"569,00"
11960.0,"2.469,00"
7672.0,"2.329,00"
7673.0,"2.469,00"
12787.0,"1.939,00"
3337.0,"1.939,00"
7251.0,"1.939,00"
2787.0,"569,00"
2821.0,"449,00"
9286.0,"2.469,00"
10028.0,"2.469,00"
7084.0,"2.329,00"
6845.0,"1.939,00"
13348.0,"3.399,00"
15683.0,"2.469,00"
12534.0,"2.469,00"
2667.0,"2.329,00"
2666.0,"1.939,00"
2773.0,"2.469,00"
7252.0,"2.329,00"
2682.0,"2.469,00"
13262.0,"2.469,00"
8485.0,"1.269,00"
15338.0,"2.469,00"
7629.0,"1.939,00"
15850.0,"1.939,00"
9904.0,"2.689,00"
1398.0,"2.329,00"
8539.0,"1.939,00"
8511.0,"1.939,00"
6664.0,"2.329,00"
2709.0,"2.469,00"
6650.0,"2.329,00"
6637.0,"2.469,00"
6649.0,"1.939,00"
10114.0,"1.939,00"
15773.0,"2.469,00"
13194.0,"2.239,00"
10322.0,"2.229,00"
15369.0,"2.329,00"
8541.0,"1.269,00"
8555.0,"2.469,00"
8611.0,"1.019,00"
12786.0,"1.839,00"
9988.0,"2.689,00"
3672.0,"2.329,00"
3673.0,"1.939,00"
17198.0,"2.469,00"
6972.0,"1.379,00"
8965.0,"1.679,00"
6902.0,"1.309,00"
4583.0,"2.469,00"
7238.0,"219,00"
4585.0,"1.939,00"
4561.0,"1.939,00"
6916.0,"2.329,00"
3287.0,"2.469,00"
3288.0,"2.329,00"
8415.0,"2.469,00"
7237.0,"1.939,00"
10938.0,"2.469,00"
8540.0,"1.369,00"
6805.0,"569,00"
12731.0,"1.839,00"
7965.0,"1.939,00"
788.0,"2.329,00"
10296.0,"3.219,00"
10240.0,"3.219,00"
15340.0,"1.939,00"
10392.0,"2.469,00"
12604.0,"2.469,00"
2772.0,"2.469,00"
8413.0,"1.939,00"
2929.0,"1.939,00"
12450.0,"2.469,00"
8483.0,"1.129,00"
8471.0,"1.269,00"
10476.0,"439,00"
1374.0,"2.329,00"
1390.0,"2.329,00"
12226.0,"789,00"
8525.0,"1.939,00"
2687.0,"2.469,00"
942.0,"2.329,00"
10882.0,"819,00"
12451.0,"2.329,00"
10940.0,"869,00"
10939.0,"2.329,00"
8205.0,"1.439,00"
12465.0,"2.329,00"
2815.0,"2.469,00"
2839.0,"2.469,00"
9358.0,"1.939,00"
5459.0,"2.469,00"
10030.0,"2.689,00"
3647.0,"2.469,00"
6636.0,"2.329,00"
5457.0,"1.939,00"
7827.0,"2.469,00"
473.0,"1.939,00"
305.0,"1.779,00"
6651.0,"2.469,00"
6248.0,0
9118.0,"2.469,00"
2829.0,"1.099,00"
6002.0,0
9230.0,"2.469,00"
9510.0,"2.469,00"
3035.0,"2.469,00"
5209.0,"749,00"
1310.0,"1.209,00"
6314.0,"2.329,00"
2816.0,"2.469,00"
3311.0,"2.469,00"
9342.0,"2.469,00"
8527.0,"1.269,00"
4559.0,"2.469,00"
4573.0,"1.939,00"
2725.0,"2.469,00"
786.0,"1.939,00"
9300.0,"2.469,00"
12452.0,"959,00"
8414.0,"2.329,00"
9188.0,"2.469,00"
3085.0,"1.939,00"
9930.0,"2.229,00"
9932.0,"2.399,00"
4883.0,"2.469,00"
2810.0,"2.469,00"
2711.0,"2.469,00"
15774.0,"2.329,00"
6720.0,"2.329,00"
4979.0,"2.469,00"
6957.0,"1.939,00"
10518.0,"2.469,00"
13278.0,"1.939,00"
12730.0,"1.749,00"
1302.0,"1.209,00"
4812.0,"2.329,00"
8952.0,"1.939,00"
8966.0,"1.779,00"
12732.0,"1.939,00"
11429.0,"2.329,00"
2999.0,"2.469,00"
10926.0,"869,00"
8980.0,"1.939,00"
8289.0,"2.469,00"
12380.0,"2.469,00"
9330.0,"1.939,00"
6253.0,0
6579.0,"1.139,00"
7519.0,"2.469,00"
7098.0,"2.329,00"
1422.0,"2.329,00"
10113.0,"3.129,00"
10126.0,"2.469,00"
3637.0,"1.939,00"
3373.0,"849,00"
3671.0,"2.469,00"
3623.0,"2.469,00"
3659.0,"2.469,00"
3095.0,"2.469,00"
12550.0,"739,00"
12564.0,"1.939,00"
7658.0,"2.329,00"
3192.0,"459,00"
7041.0,"1.939,00"
7099.0,"2.469,00"
7071.0,"2.469,00"
13304.0,"2.469,00"
4957.0,"1.939,00"
13249.0,"2.459,00"
6901.0,"1.939,00"
10422.0,"1.939,00"
10406.0,"2.469,00"
2975.0,"2.469,00"
12562.0,"2.469,00"
9174.0,"2.469,00"
9175.0,"2.329,00"
9176.0,"1.939,00"
1309.0,"1.309,00"
333.0,"1.939,00"
12506.0,"2.469,00"
3276.0,"959,00"
3275.0,"2.469,00"
12563.0,"2.329,00"
6887.0,"1.939,00"
8469.0,"1.129,00"
11948.0,"1.939,00"
9778.0,"1.939,00"
9316.0,"1.939,00"
14734.0,"1.399,00"
6397.0,"1.939,00"
3937.0,"1.939,00"
4836.0,"2.329,00"
11708.0,"2.469,00"
977.0,"2.329,00"
8359.0,"2.469,00"
7169.0,"2.469,00"
10798.0,"2.469,00"
1342.0,"2.329,00"
1318.0,"2.329,00"
3264.0,"2.329,00"
1061.0,"2.329,00"
7029.0,"2.469,00"
7015.0,"2.469,00"
9274.0,"749,00"
2719.0,"2.469,00"
9834.0,"1.939,00"
1059.0,"1.939,00"
11470.0,"2.469,00"
1333.0,"1.629,00"
1317.0,"1.309,00"
8567.0,"1.939,00"
3066.0,"2.329,00"
3325.0,"1.939,00"
298.0,"939,00"
3323.0,"2.469,00"
2696.0,"2.469,00"
9582.0,"1.939,00"
10224.0,"2.469,00"
10226.0,"2.869,00"
178.0,"2.329,00"
7168.0,"2.329,00"
192.0,"2.329,00"
10912.0,"969,00"
6832.0,"2.329,00"
10336.0,"2.469,00"
2777.0,"2.469,00"
10924.0,"679,00"
6846.0,"1.549,00"
12618.0,"2.469,00"
11806.0,"2.469,00"
9119.0,"2.329,00"
8189.0,"1.139,00"
8121.0,"2.469,00"
10826.0,"2.469,00"
4920.0,"2.329,00"
7715.0,"2.469,00"
325.0,"2.329,00"
7617.0,"2.469,00"
4967.0,"2.469,00"
12508.0,"739,00"
1326.0,"2.329,00"
13250.0,"2.599,00"
10827.0,"529,00"
6399.0,"2.469,00"
6930.0,"2.329,00"
10897.0,"869,00"
10883.0,"869,00"
10911.0,"869,00"
10884.0,"969,00"
8569.0,"2.469,00"
7181.0,"1.939,00"
6917.0,"2.469,00"
7167.0,"1.939,00"
8162.0,"1.209,00"
10421.0,"2.329,00"
13248.0,"2.469,00"
10828.0,"559,00"
15790.0,"1.939,00"
10896.0,"819,00"
6398.0,"529,00"
6412.0,"529,00"
6874.0,"1.549,00"
8106.0,"2.329,00"
9580.0,"2.469,00"
10014.0,"2.229,00"
6370.0,"529,00"
12661.0,"909,00"
2820.0,"2.469,00"
8190.0,"1.069,00"
6705.0,"1.939,00"
6250.0,0
10813.0,"529,00"
10814.0,"559,00"
4873.0,"1.939,00"
6567.0,"2.469,00"
10898.0,"969,00"
4871.0,"2.469,00"
4919.0,"2.469,00"
4885.0,"1.939,00"
8358.0,"2.329,00"
10953.0,"2.329,00"
15759.0,"2.329,00"
10310.0,"3.719,00"
10294.0,"2.469,00"
9301.0,"2.329,00"
3241.0,"1.939,00"
2702.0,"569,00"
10084.0,"2.469,00"
6384.0,"2.329,00"
6973.0,"1.769,00"
9302.0,"1.939,00"
15775.0,"1.939,00"
10420.0,"2.469,00"
8163.0,"1.099,00"
4921.0,"1.939,00"
8107.0,"2.469,00"
7197.0,"2.469,00"
10198.0,"1.939,00"
5920.0,0
9273.0,"699,00"
423.0,"599,00"
122.0,"479,00"
13110.0,"1.779,00"
10338.0,"2.869,00"
9400.0,"1.939,00"
13418.0,"3.399,00"
13432.0,"3.399,00"
9454.0,"2.469,00"
10324.0,"2.399,00"
9974.0,"2.399,00"
6889.0,"2.469,00"
7028.0,"2.329,00"
9344.0,"1.939,00"
2939.0,"2.469,00"
15368.0,"2.469,00"
15370.0,"1.939,00"
284.0,"709,00"
9399.0,"2.329,00"
5423.0,"1.939,00"
7043.0,"2.469,00"
2796.0,"2.469,00"
975.0,"1.939,00"
10337.0,"2.329,00"
12282.0,"2.469,00"
10253.0,"2.329,00"
10211.0,"2.329,00"
7141.0,"2.469,00"
9931.0,"2.329,00"
6385.0,"2.469,00"
11946.0,"2.469,00"
7111.0,"1.939,00"
7126.0,"2.329,00"
8204.0,"1.549,00"
6301.0,"2.469,00"
10448.0,"2.469,00"
3120.0,"2.329,00"
2710.0,"2.469,00"
179.0,"1.939,00"
2751.0,"2.469,00"
11947.0,"2.329,00"
3131.0,"2.469,00"
4884.0,"2.329,00"
1325.0,"1.629,00"
1341.0,"1.629,00"
9022.0,"1.939,00"
2774.0,"2.469,00"
2812.0,"2.469,00"
7322.0,"2.329,00"
1365.0,"1.939,00"
8609.0,"1.939,00"
326.0,"1.629,00"
10854.0,"2.469,00"
9973.0,"2.329,00"
7253.0,"2.469,00"
8978.0,"2.469,00"
6595.0,"2.469,00"
13096.0,"2.399,00"
15730.0,"1.939,00"
5207.0,"2.469,00"
5005.0,"1.939,00"
4981.0,"1.939,00"
2893.0,"2.469,00"
10855.0,"529,00"
8203.0,"1.679,00"
234.0,"2.329,00"
10323.0,"2.329,00"
11472.0,"1.939,00"
12745.0,"1.839,00"
816.0,"2.329,00"
9218.0,"1.939,00"
71.0,"1.939,00"
102.0,"1.939,00"
2835.0,"2.469,00"
5279.0,"2.469,00"
9680.0,"619,00"
3001.0,"1.939,00"
13193.0,"2.329,00"
130.0,"1.939,00"
7365.0,"2.469,00"
7364.0,"2.329,00"
10869.0,"529,00"
15848.0,"2.229,00"
10478.0,"499,00"
9496.0,"2.469,00"
1349.0,"1.839,00"
332.0,"1.309,00"
8245.0,"2.989,00"
319.0,"1.939,00"
11891.0,"2.569,00"
8302.0,"2.329,00"
1437.0,"1.939,00"
9679.0,"619,00"
8329.0,"1.939,00"
10184.0,"2.869,00"
2708.0,"2.469,00"
3227.0,"2.469,00"
7714.0,"2.329,00"
2976.0,"639,00"
884.0,"619,00"
1334.0,"2.329,00"
283.0,"1.069,00"
9329.0,"2.329,00"
9357.0,"2.329,00"
1350.0,"2.329,00"
11975.0,"2.329,00"
8979.0,"1.679,00"
6915.0,"2.249,00"
2814.0,"2.469,00"
2694.0,"2.469,00"
2712.0,"2.469,00"
2750.0,"2.469,00"
81.0,"1.939,00"
6803.0,"1.939,00"
2740.0,"2.469,00"
116.0,"1.939,00"
11864.0,"1.939,00"
13109.0,"1.679,00"
3000.0,"2.329,00"
10295.0,"3.129,00"
7013.0,"1.939,00"
6999.0,"1.939,00"
3312.0,"2.329,00"
3289.0,"1.159,00"
3300.0,"959,00"
6706.0,"2.329,00"
12408.0,"2.469,00"
6356.0,"529,00"
2720.0,"2.469,00"
4571.0,"2.469,00"
101.0,"2.329,00"
144.0,"1.939,00"
9566.0,"2.469,00"
9552.0,"2.469,00"
10085.0,"2.569,00"
8219.0,"2.469,00"
8526.0,"1.369,00"
9231.0,"2.329,00"
7378.0,"2.329,00"
12072.0,"2.469,00"
7966.0,"2.329,00"
12254.0,"2.469,00"
8964.0,"2.469,00"
11976.0,"1.939,00"
5135.0,"2.469,00"
87.0,"2.329,00"
10169.0,"3.559,00"
2695.0,"2.469,00"
4572.0,"2.329,00"
3636.0,"2.329,00"
4991.0,"2.469,00"
9356.0,"2.469,00"
15849.0,"2.329,00"
9972.0,"2.229,00"
10127.0,"3.559,00"
11808.0,"1.939,00"
10210.0,"2.469,00"
508.0,"2.329,00"
7224.0,"2.329,00"
11892.0,"3.219,00"
74.0,"2.329,00"
8470.0,"1.369,00"
6789.0,"619,00"
6413.0,"2.469,00"
9470.0,"1.939,00"
9468.0,"2.469,00"
2813.0,"2.469,00"
3324.0,"2.329,00"
9440.0,"2.469,00"
9343.0,"2.329,00"
12073.0,"2.329,00"
12074.0,"1.939,00"
6958.0,"2.329,00"
7645.0,"2.469,00"
7140.0,"2.329,00"
814.0,"1.939,00"
7630.0,"409,00"
7000.0,"2.329,00"
10112.0,"3.009,00"
6817.0,"619,00"
7532.0,"2.329,00"
9328.0,"2.469,00"
129.0,"2.329,00"
9469.0,"2.329,00"
10954.0,"869,00"
9426.0,"2.469,00"
8497.0,"1.939,00"
7182.0,"2.329,00"
1358.0,"2.329,00"
10197.0,"3.129,00"
88.0,"1.939,00"
10925.0,"769,00"
10533.0,"2.329,00"
10238.0,"2.469,00"
10196.0,"2.469,00"
9512.0,"1.939,00"
4969.0,"1.939,00"
7615.0,"439,00"
9553.0,"2.329,00"
1068.0,"2.329,00"
80.0,"479,00"
2837.0,"2.469,00"
12662.0,"939,00"
5147.0,"2.469,00"
7239.0,"2.469,00"
136.0,"2.329,00"
7713.0,"1.939,00"
7687.0,"2.469,00"
9428.0,"1.939,00"
10239.0,"3.129,00"
7363.0,"1.939,00"
123.0,"1.939,00"
4980.0,"2.329,00"
14188.0,"1.939,00"
6875.0,"1.439,00"
6342.0,"529,00"
94.0,"2.329,00"
2788.0,"569,00"
9414.0,"1.939,00"
1413.0,"1.939,00"
8273.0,"1.939,00"
115.0,"2.329,00"
2716.0,"2.469,00"
6971.0,"2.029,00"
1357.0,"1.839,00"
3624.0,"2.329,00"
220.0,"579,00"
213.0,"2.329,00"
2811.0,"2.469,00"
465.0,"2.329,00"
10128.0,"1.939,00"
10252.0,"3.439,00"
12549.0,"2.329,00"
8287.0,"1.939,00"
9903.0,"2.569,00"
11932.0,"2.469,00"
10182.0,"2.469,00"
3648.0,"479,00"
3660.0,"2.329,00"
7700.0,"2.329,00"
3168.0,"2.329,00"
795.0,"2.329,00"
8288.0,"2.329,00"
9412.0,"2.469,00"
1397.0,"1.939,00"
2841.0,"2.469,00"
17169.0,"979,00"
17200.0,"1.029,00"
17184.0,"2.329,00"
17185.0,"1.939,00"
6369.0,"559,00"
311.0,"2.329,00"
1406.0,"2.329,00"
8994.0,"1.779,00"
171.0,"2.329,00"
7196.0,"2.329,00"
12268.0,"2.469,00"
312.0,"1.939,00"
4620.0,"649,00"
10029.0,"3.129,00"
235.0,"1.939,00"
227.0,"2.329,00"
13094.0,"2.229,00"
12619.0,"2.329,00"
3167.0,"2.469,00"
11710.0,"1.939,00"
10840.0,"2.469,00"
10309.0,"3.559,00"
2892.0,"869,00"
6804.0,"599,00"
10170.0,"3.719,00"
11918.0,"2.469,00"
8891.0,"2.469,00"
8947.0,"2.469,00"
8933.0,"2.469,00"
15339.0,"1.839,00"
13067.0,"2.329,00"
8484.0,"1.369,00"
8191.0,"999,00"
3985.0,"1.669,00"
10365.0,"559,00"
2721.0,"2.469,00"
3313.0,"1.939,00"
2963.0,"589,00"
9538.0,"2.469,00"
9581.0,"2.329,00"
10225.0,"2.329,00"
7407.0,"2.469,00"
10868.0,"2.469,00"
200.0,"1.939,00"
2927.0,"2.469,00"
8007.0,"1.939,00"
3205.0,"1.939,00"
3180.0,"639,00"
3204.0,"459,00"
11919.0,"2.329,00"
15354.0,"2.329,00"
4584.0,"2.329,00"
9020.0,"2.469,00"
6553.0,"2.469,00"
7085.0,"2.469,00"
10352.0,"1.939,00"
9204.0,"1.939,00"
2722.0,"2.469,00"
12114.0,"2.469,00"
6355.0,"559,00"
10952.0,"2.469,00"
12606.0,"1.939,00"
10812.0,"499,00"
10506.0,"1.939,00"
185.0,"2.329,00"
9848.0,"1.939,00"
8597.0,"2.469,00"
10729.0,"2.329,00"
10366.0,"1.939,00"
10364.0,"2.469,00"
5136.0,"2.329,00"
2745.0,"2.469,00"
10450.0,"1.939,00"
4968.0,"2.329,00"
2838.0,"2.469,00"
10436.0,"499,00"
11736.0,"2.469,00"
3047.0,"2.469,00"
9006.0,"2.469,00"
9610.0,"1.939,00"
11402.0,"1.939,00"
15533.0,"2.469,00"
7014.0,"2.329,00"
2723.0,"2.469,00"
13474.0,"1.939,00"
13460.0,"1.939,00"
11709.0,"2.329,00"
13138.0,"2.689,00"
11794.0,"1.939,00"
3036.0,"2.329,00"
2823.0,"2.469,00"
13488.0,"4.079,00"
6383.0,"1.939,00"
6987.0,"1.769,00"
248.0,"2.329,00"
417.0,"569,00"
416.0,"469,00"
15685.0,"1.939,00"
6635.0,"1.939,00"
3181.0,"499,00"
10800.0,"1.939,00"
7336.0,"2.329,00"
8119.0,"1.939,00"
8344.0,"2.329,00"
8345.0,"2.469,00"
2836.0,"2.469,00"
8301.0,"1.939,00"
10799.0,"529,00"
10743.0,"2.329,00"
11415.0,"2.329,00"
3397.0,"1.939,00"
241.0,"2.329,00"
269.0,"2.329,00"
11416.0,"1.939,00"
2714.0,"2.469,00"
11414.0,"2.469,00"
6986.0,"1.899,00"
11430.0,"1.939,00"
8950.0,"2.469,00"
7195.0,"1.939,00"
15760.0,"1.939,00"
10910.0,"819,00"
7112.0,"2.329,00"
262.0,"2.329,00"
4285.0,"1.939,00"
8303.0,"2.469,00"
3707.0,"2.469,00"
11780.0,"1.939,00"
7868.0,"2.329,00"
7321.0,"1.939,00"
8208.0,0
14186.0,"2.469,00"
12478.0,"2.469,00"
8876.0,"2.329,00"
9315.0,"2.329,00"
6985.0,"2.029,00"
7574.0,"2.329,00"
12382.0,"1.939,00"
7701.0,"2.469,00"
5137.0,"1.939,00"
8993.0,"1.679,00"
8148.0,"2.329,00"
11933.0,"2.329,00"
6594.0,"2.329,00"
10435.0,"2.329,00"
11934.0,"3.219,00"
10183.0,"2.329,00"
9314.0,"2.469,00"
7211.0,"2.469,00"
2928.0,"699,00"
6455.0,"2.469,00"
8149.0,"2.469,00"
2988.0,"2.329,00"
891.0,"509,00"
12409.0,"2.329,00"
10016.0,"2.399,00"
6790.0,"599,00"
6328.0,"1.149,00"
186.0,"1.939,00"
13276.0,"2.469,00"
9664.0,"569,00"
8274.0,"2.329,00"
7223.0,"1.939,00"
2989.0,"449,00"
7055.0,"1.939,00"
6329.0,"999,00"
1565.0,"1.939,00"
3011.0,"2.469,00"
2792.0,"2.469,00"
12381.0,"2.329,00"
12480.0,"1.939,00"
9497.0,"2.329,00"
8652.0,"2.329,00"
8134.0,"2.329,00"
3277.0,"1.939,00"
10574.0,"2.469,00"
11961.0,"2.329,00"
1255.0,"2.329,00"
10616.0,"2.469,00"
2697.0,"2.469,00"
11093.0,"2.329,00"
8175.0,"1.309,00"
2713.0,"2.469,00"
8553.0,"1.939,00"
7671.0,"1.939,00"
8875.0,"1.939,00"
11667.0,"2.329,00"
1373.0,"1.939,00"
8595.0,"1.939,00"
7421.0,"2.469,00"
10212.0,"1.939,00"
5425.0,"2.469,00"
6454.0,"2.329,00"
10700.0,"2.469,00"
9104.0,"2.469,00"
13486.0,"2.469,00"
10981.0,"2.329,00"
6551.0,"1.939,00"
7686.0,"2.329,00"
1581.0,"1.939,00"
15670.0,"1.939,00"
6552.0,"2.329,00"
11457.0,"2.329,00"
6537.0,"1.939,00"
10744.0,"1.939,00"
5075.0,"2.469,00"
8231.0,"3.399,00"
3395.0,"869,00"
9441.0,"2.329,00"
7392.0,"2.329,00"
2987.0,"2.469,00"
8330.0,"2.329,00"
2724.0,"2.469,00"
6327.0,"1.269,00"
137.0,"1.939,00"
7391.0,"1.939,00"
1366.0,"2.329,00"
11400.0,"2.469,00"
5447.0,"2.469,00"
13306.0,"1.939,00"
9413.0,"2.329,00"
199.0,"2.329,00"
9371.0,"2.329,00"
10449.0,"2.329,00"
10308.0,"2.469,00"
2698.0,"2.469,00"
5015.0,"2.469,00"
8932.0,"2.329,00"
2783.0,"2.469,00"
15384.0,"2.329,00"
7127.0,"2.469,00"
7153.0,"1.939,00"
11738.0,"1.939,00"
5087.0,"2.469,00"
5089.0,"1.939,00"
8396.0,"2.329,00"
6721.0,"2.469,00"
9372.0,"1.939,00"
4956.0,"2.329,00"
3012.0,"2.329,00"
15684.0,"2.329,00"
6934.0,0
8792.0,"2.329,00"
6593.0,"1.939,00"
7056.0,"2.329,00"
11401.0,"2.329,00"
249.0,"1.939,00"
4619.0,"2.469,00"
9246.0,"319,00"
7379.0,"2.469,00"
9986.0,"2.469,00"
2915.0,"2.469,00"
15549.0,"2.329,00"
9217.0,"2.329,00"
2689.0,"2.469,00"
15564.0,"2.329,00"
12969.0,"2.329,00"
6959.0,"1.769,00"
2771.0,"2.469,00"
12422.0,"2.469,00"
8951.0,"2.329,00"
13108.0,"2.469,00"
13095.0,"2.329,00"
970.0,"2.329,00"
8135.0,"2.469,00"
10001.0,"2.819,00"
12045.0,"2.329,00"
7042.0,"2.329,00"
13124.0,"1.839,00"
5208.0,"2.329,00"
9146.0,"2.469,00"
9427.0,"2.329,00"
8009.0,"2.469,00"
2977.0,"729,00"
3193.0,"729,00"
5016.0,"2.329,00"
5076.0,"2.329,00"
5077.0,"1.939,00"
5125.0,"1.939,00"
13123.0,"1.379,00"
13080.0,"2.229,00"
13082.0,"2.399,00"
207.0,"1.939,00"
14187.0,"2.329,00"
206.0,"2.329,00"
9442.0,"769,00"
9190.0,"1.939,00"
12325.0,"2.329,00"
9105.0,"2.329,00"
13066.0,"2.229,00"
7154.0,"2.329,00"
9498.0,"1.939,00"
3169.0,"1.939,00"
10434.0,"439,00"
11556.0,"1.939,00"
8623.0,"1.939,00"
151.0,"1.939,00"
4621.0,"769,00"
7699.0,"1.939,00"
10870.0,"1.939,00"
963.0,"2.329,00"
9959.0,"2.819,00"
10099.0,"2.819,00"
10856.0,"1.939,00"
6468.0,"2.329,00"
13390.0,"3.589,00"
6243.0,0
8395.0,"1.939,00"
164.0,"2.329,00"
150.0,"2.329,00"
15535.0,"1.939,00"
5445.0,"1.939,00"
15550.0,"1.939,00"
6341.0,"1.939,00"
9540.0,"1.939,00"
15353.0,"2.469,00"
3804.0,"2.329,00"
12296.0,"399,00"
3215.0,"2.469,00"
7209.0,"1.939,00"
7560.0,"2.329,00"
9678.0,"549,00"
12424.0,"1.939,00"
15565.0,"1.939,00"
765.0,"369,00"
13277.0,"2.329,00"
10534.0,"1.939,00"
13389.0,"3.479,00"
13150.0,"2.469,00"
2951.0,"2.469,00"
193.0,"1.939,00"
8161.0,"1.309,00"
11920.0,"1.939,00"
2843.0,"2.469,00"
480.0,"2.329,00"
478.0,"1.939,00"
15729.0,"2.329,00"
10100.0,"3.719,00"
15743.0,"2.469,00"
12002.0,"2.469,00"
8217.0,"2.989,00"
10141.0,"2.329,00"
11428.0,"2.469,00"
6299.0,"1.939,00"
7155.0,"2.469,00"
6565.0,"1.939,00"
9764.0,"1.939,00"
9750.0,"1.939,00"
12240.0,"2.469,00"
15744.0,"2.329,00"
458.0,"2.329,00"
8008.0,"2.329,00"
2842.0,"2.469,00"
15835.0,"4.969,00"
2941.0,"1.939,00"
7518.0,"2.329,00"
9958.0,"2.469,00"
6313.0,"1.939,00"
12242.0,"899,00"
15355.0,"1.939,00"
7575.0,"2.469,00"
13334.0,"2.989,00"
7097.0,"1.939,00"
15728.0,"2.469,00"
12227.0,"2.329,00"
9455.0,"649,00"
2844.0,"2.469,00"
5173.0,"1.939,00"
9666.0,"1.939,00"
1261.0,"1.939,00"
9456.0,"769,00"
1421.0,"1.939,00"
940.0,"1.939,00"
381.0,"619,00"
15385.0,"1.939,00"
13165.0,"2.569,00"
13164.0,"1.769,00"
13431.0,"2.329,00"
13417.0,"3.289,00"
13430.0,"2.469,00"
2784.0,"2.469,00"
270.0,"1.939,00"
1253.0,"1.939,00"
12605.0,"2.329,00"
10842.0,"1.939,00"
9384.0,"2.469,00"
3037.0,"1.939,00"
9762.0,"2.469,00"
13446.0,"1.939,00"
821.0,"1.939,00"
9862.0,"1.939,00"
13068.0,"2.399,00"
263.0,"1.939,00"
256.0,"1.939,00"
2690.0,"2.469,00"
5424.0,"2.329,00"
11822.0,"1.939,00"
1263.0,"2.329,00"
898.0,"619,00"
9147.0,"2.329,00"
9386.0,"1.939,00"
9385.0,"2.329,00"
12479.0,"2.329,00"
3013.0,"1.939,00"
1430.0,"2.329,00"
13445.0,"2.329,00"
7225.0,"2.469,00"
12801.0,"2.329,00"
13444.0,"2.469,00"
12086.0,"2.469,00"
12241.0,"2.329,00"
8064.0,"2.329,00"
8583.0,"2.469,00"
8905.0,"2.469,00"
8264.0,0
10644.0,"2.469,00"
5926.0,0
9916.0,"2.469,00"
9918.0,"1.939,00"
3889.0,"2.619,00"
886.0,"2.329,00"
11024.0,"1.619,00"
459.0,"1.939,00"
7504.0,"2.329,00"
1414.0,"2.329,00"
13333.0,"2.879,00"
6300.0,"2.329,00"
13291.0,"2.329,00"
13292.0,"1.939,00"
7069.0,"1.939,00"
9036.0,"1.939,00"
7573.0,"1.939,00"
9035.0,"2.329,00"
3661.0,"1.939,00"
9106.0,"1.939,00"
10505.0,"2.329,00"
3252.0,"2.329,00"
4417.0,"1.619,00"
6943.0,"1.939,00"
2916.0,"2.329,00"
11906.0,"1.939,00"
13374.0,"2.469,00"
4044.0,"2.329,00"
13388.0,"3.689,00"
10520.0,"1.939,00"
6719.0,"1.939,00"
2656.0,"769,00"
1075.0,"2.329,00"
6665.0,"2.469,00"
15745.0,"1.939,00"
4560.0,"2.329,00"
9007.0,"2.329,00"
7685.0,"1.939,00"
7589.0,"2.469,00"
7337.0,"2.469,00"
513.0,"1.939,00"
8596.0,"2.329,00"
424.0,"619,00"
7113.0,"2.469,00"
8610.0,"2.329,00"
6440.0,"2.329,00"
12984.0,"1.939,00"
5281.0,"1.939,00"
9763.0,"2.329,00"
2778.0,"2.469,00"
13305.0,"2.329,00"
9748.0,"2.469,00"
9777.0,"2.329,00"
10477.0,"2.329,00"
8877.0,"2.469,00"
9720.0,"2.469,00"
6469.0,"2.469,00"
10786.0,"1.939,00"
13487.0,"3.869,00"
17199.0,"979,00"
9749.0,"2.329,00"
3216.0,"2.329,00"
7323.0,"2.469,00"
10042.0,"2.469,00"
7505.0,"659,00"
11821.0,"2.329,00"
6818.0,"2.329,00"
3805.0,"1.939,00"
6453.0,"1.939,00"
15700.0,"1.939,00"
11849.0,"2.329,00"
9189.0,"2.329,00"
8105.0,"1.939,00"
8275.0,"2.469,00"
12324.0,"2.469,00"
7503.0,"1.939,00"
472.0,"2.329,00"
12689.0,"2.329,00"
2817.0,"2.469,00"
793.0,"1.939,00"
13166.0,"2.689,00"
8093.0,"2.469,00"
9049.0,"2.329,00"
15698.0,"2.469,00"
11974.0,"2.469,00"
242.0,"1.939,00"
2684.0,"2.469,00"
9008.0,"1.939,00"
4477.0,"1.939,00"
7981.0,"2.469,00"
13376.0,"3.589,00"
13375.0,"3.479,00"
10756.0,"2.469,00"
13332.0,"2.729,00"
10757.0,"2.329,00"
9202.0,"2.469,00"
13346.0,"2.469,00"
12410.0,"1.939,00"
13360.0,"2.469,00"
13362.0,"2.989,00"
823.0,"2.329,00"
12311.0,"2.329,00"
9021.0,"2.329,00"
5925.0,0
9960.0,"2.879,00"
7309.0,"2.469,00"
13361.0,"2.879,00"
8343.0,"1.939,00"
3228.0,"2.329,00"
13458.0,"2.469,00"
900.0,"2.329,00"
3396.0,"2.329,00"
893.0,"2.329,00"
13472.0,"3.689,00"
13152.0,"2.689,00"
9791.0,"2.329,00"
7308.0,"2.329,00"
2889.0,"2.469,00"
10548.0,"1.939,00"
7490.0,"2.329,00"
3084.0,"2.329,00"
11456.0,"2.469,00"
7125.0,"1.939,00"
12198.0,"2.469,00"
2715.0,"2.469,00"
10547.0,"2.329,00"
1533.0,"1.939,00"
10702.0,"1.939,00"
466.0,"1.939,00"
10504.0,"2.469,00"
10254.0,"3.719,00"
10546.0,"2.469,00"
961.0,"1.939,00"
2965.0,"769,00"
11668.0,"1.939,00"
3853.0,"2.619,00"
12228.0,"1.939,00"
7531.0,"1.939,00"
7826.0,"2.329,00"
5039.0,"2.469,00"
7335.0,"1.939,00"
5458.0,"2.329,00"
12423.0,"2.329,00"
12156.0,"2.469,00"
15833.0,"2.469,00"
8357.0,"1.939,00"
13416.0,"2.469,00"
10562.0,"1.939,00"
9792.0,"1.939,00"
7587.0,"1.939,00"
7546.0,"2.329,00"
12003.0,"2.329,00"
3155.0,"2.469,00"
3143.0,"2.469,00"
12116.0,"1.939,00"
12004.0,"1.939,00"
15714.0,"2.329,00"
17170.0,"1.939,00"
13290.0,"2.469,00"
11904.0,"2.469,00"
4093.0,"1.939,00"
779.0,"1.939,00"
5017.0,"1.939,00"
9511.0,"2.329,00"
431.0,"569,00"
11737.0,"2.329,00"
221.0,"1.939,00"
5220.0,"2.329,00"
255.0,"2.329,00"
13318.0,"2.469,00"
410.0,"1.939,00"
3625.0,"1.939,00"
17168.0,"2.469,00"
13137.0,"3.129,00"
1429.0,"1.939,00"
13136.0,"2.469,00"
430.0,"469,00"
2681.0,"2.469,00"
11766.0,"1.939,00"
11835.0,"2.329,00"
3096.0,"2.329,00"
767.0,"2.329,00"
5219.0,"2.469,00"
15563.0,"2.469,00"
12255.0,"2.329,00"
15548.0,"2.469,00"
11750.0,"2.469,00"
11722.0,"2.469,00"
12366.0,"2.469,00"
2793.0,"2.469,00"
2790.0,"2.469,00"
2791.0,"2.469,00"
4476.0,"2.329,00"
3048.0,"2.329,00"
12717.0,"2.329,00"
9120.0,"1.939,00"
5148.0,"2.329,00"
7420.0,"2.329,00"
2703.0,"2.469,00"
7405.0,"1.939,00"
7406.0,"2.329,00"
402.0,"2.329,00"
949.0,"2.329,00"
228.0,"1.939,00"
2789.0,"449,00"
907.0,"2.329,00"
8037.0,"2.469,00"
12620.0,"1.939,00"
13320.0,"1.939,00"
17183.0,"2.469,00"
3049.0,"1.939,00"
3098.0,"1.939,00"
781.0,"2.329,00"
3793.0,"1.939,00"
7210.0,"2.329,00"
10492.0,"1.939,00"
9651.0,"2.329,00"
2704.0,"2.469,00"
2776.0,"2.469,00"
8194.0,0
8180.0,0
8236.0,0
968.0,"1.939,00"
2822.0,"2.469,00"
12115.0,"2.329,00"
12338.0,"2.469,00"
12339.0,"2.329,00"
12340.0,"1.939,00"
7088.0,0
13122.0,"1.769,00"
15715.0,"1.939,00"
5280.0,"2.329,00"
8120.0,"2.329,00"
10043.0,"2.819,00"
10044.0,"1.939,00"
9048.0,"2.469,00"
3217.0,"1.939,00"
8945.0,"1.939,00"
2779.0,"2.469,00"
9203.0,"2.329,00"
7869.0,"2.469,00"
9650.0,"569,00"
9917.0,"2.819,00"
4403.0,"2.469,00"
4415.0,"2.469,00"
8133.0,"1.939,00"
8147.0,"1.939,00"
3577.0,"1.939,00"
2846.0,"2.469,00"
11442.0,"2.469,00"
9259.0,"2.329,00"
8581.0,"1.939,00"
10758.0,"1.939,00"
935.0,"2.329,00"
928.0,"2.329,00"
143.0,"2.329,00"
933.0,"1.939,00"
5099.0,"2.469,00"
1073.0,"1.939,00"
6707.0,"2.469,00"
8651.0,"1.939,00"
11723.0,"2.329,00"
12284.0,"1.939,00"
3229.0,"1.939,00"
4837.0,"1.939,00"
4813.0,"1.939,00"
13319.0,"2.329,00"
12270.0,"1.939,00"
7533.0,"2.469,00"
5172.0,"2.329,00"
5160.0,"409,00"
10701.0,"2.329,00"
4992.0,"2.329,00"
10687.0,"2.329,00"
7644.0,"2.329,00"
9554.0,"1.939,00"
515.0,"2.329,00"
7547.0,"2.469,00"
8637.0,"1.939,00"
9665.0,"599,00"
95.0,"1.939,00"
4033.0,"1.669,00"
4045.0,"1.879,00"
12310.0,"2.469,00"
2964.0,"639,00"
7643.0,"1.939,00"
12087.0,"2.329,00"
2859.0,"2.469,00"
15639.0,"2.329,00"
12100.0,"2.469,00"
15820.0,"6.049,00"
9482.0,"2.469,00"
15668.0,"2.469,00"
12394.0,"2.469,00"
5113.0,"1.939,00"
10716.0,"1.939,00"
807.0,"1.939,00"
7377.0,"1.939,00"
5111.0,"2.469,00"
8653.0,"2.469,00"
8639.0,"2.469,00"
3877.0,"1.939,00"
3949.0,"1.939,00"
947.0,"1.939,00"
12996.0,"2.469,00"
905.0,"1.939,00"
12283.0,"2.329,00"
1773.0,"1.939,00"
1774.0,"2.329,00"
8582.0,"2.329,00"
12298.0,"1.939,00"
3948.0,"2.329,00"
3865.0,"1.939,00"
13347.0,"2.329,00"
12438.0,"1.939,00"
3936.0,"2.329,00"
14202.0,"1.939,00"
12998.0,"1.939,00"
3445.0,"1.939,00"
5040.0,"2.329,00"
11862.0,"2.469,00"
5221.0,"1.939,00"
15818.0,"2.469,00"
11514.0,"1.939,00"
11878.0,"1.939,00"
8021.0,"1.939,00"
3132.0,"2.329,00"
15834.0,"2.329,00"
7994.0,"2.329,00"
8427.0,"1.939,00"
7841.0,"2.469,00"
8035.0,"1.939,00"
8050.0,"2.329,00"
7980.0,"2.329,00"
8078.0,"2.329,00"
11850.0,"1.939,00"
11962.0,"699,00"
10617.0,"2.329,00"
13473.0,"3.869,00"
8779.0,"2.469,00"
10618.0,"1.939,00"
12256.0,"1.939,00"
7909.0,"1.939,00"
5159.0,"2.469,00"
11444.0,"1.939,00"
165.0,"1.939,00"
8316.0,"2.329,00"
12828.0,"2.469,00"
4872.0,"2.329,00"
9050.0,"1.939,00"
9876.0,"1.939,00"
1637.0,"1.939,00"
2953.0,"1.939,00"
15713.0,"2.469,00"
7937.0,"1.939,00"
2890.0,"2.469,00"
10098.0,"2.469,00"
9539.0,"2.329,00"
9567.0,"2.329,00"
12368.0,"1.939,00"
13011.0,"2.329,00"
6257.0,0
3240.0,"2.329,00"
10841.0,"2.329,00"
5171.0,"2.469,00"
3589.0,"1.939,00"
5065.0,"1.939,00"
7895.0,"1.939,00"
7897.0,"2.469,00"
3528.0,"2.329,00"
157.0,"2.329,00"
10602.0,"2.469,00"
2775.0,"2.469,00"
12396.0,"1.939,00"
11486.0,"1.939,00"
10491.0,"2.329,00"
11010.0,"1.939,00"
3972.0,"2.329,00"
2748.0,"2.469,00"
3383.0,"2.469,00"
3888.0,"2.329,00"
3973.0,"1.939,00"
7561.0,"2.469,00"
800.0,"1.939,00"
12702.0,"2.469,00"
10002.0,"3.719,00"
9734.0,"2.469,00"
9776.0,"2.469,00"
9790.0,"2.469,00"
5233.0,"1.939,00"
15805.0,"6.049,00"
15803.0,"5.609,00"
15788.0,"2.469,00"
2863.0,"2.469,00"
15804.0,"5.919,00"
8371.0,"1.939,00"
15789.0,"4.739,00"
1574.0,"2.329,00"
2860.0,"2.469,00"
6539.0,"2.469,00"
6441.0,"2.469,00"
12718.0,"1.939,00"
10532.0,"2.469,00"
10784.0,"2.469,00"
10785.0,"2.329,00"
2917.0,"1.939,00"
12970.0,"1.939,00"
830.0,"319,00"
828.0,"1.939,00"
13459.0,"3.869,00"
6566.0,"2.329,00"
8036.0,"2.329,00"
8092.0,"2.329,00"
8023.0,"2.469,00"
13402.0,"2.469,00"
8063.0,"1.939,00"
9148.0,"1.939,00"
8624.0,"2.329,00"
4416.0,"2.329,00"
8079.0,"2.469,00"
12354.0,"1.939,00"
4055.0,"2.469,00"
4056.0,"1.349,00"
11022.0,"2.469,00"
4080.0,"2.329,00"
8331.0,"2.469,00"
7419.0,"1.939,00"
12830.0,"1.939,00"
11386.0,"2.469,00"
1582.0,"2.329,00"
7883.0,"2.469,00"
7911.0,"2.469,00"
11023.0,"2.329,00"
12997.0,"2.329,00"
14201.0,"2.329,00"
14200.0,"2.469,00"
2864.0,"2.469,00"
12326.0,"1.939,00"
8065.0,"2.469,00"
4428.0,"2.329,00"
7924.0,"2.329,00"
7910.0,"2.329,00"
5124.0,"2.329,00"
15819.0,"5.919,00"
12704.0,"1.939,00"
12703.0,"2.329,00"
802.0,"2.329,00"
4165.0,"1.619,00"
10015.0,"2.329,00"
11654.0,"1.939,00"
11653.0,"2.329,00"
3684.0,"2.329,00"
10715.0,"2.329,00"
7840.0,"2.329,00"
3133.0,"1.939,00"
5064.0,"2.329,00"
7854.0,"2.329,00"
12157.0,"2.329,00"
11905.0,"2.329,00"
12353.0,"2.329,00"
10966.0,"2.469,00"
10967.0,"2.329,00"
10968.0,"1.939,00"
13151.0,"3.129,00"
11765.0,"2.329,00"
1742.0,"2.329,00"
4081.0,"1.879,00"
4079.0,"2.469,00"
5063.0,"2.469,00"
6439.0,"1.939,00"
4475.0,"2.469,00"
3253.0,"1.939,00"
11358.0,"2.469,00"
11359.0,"2.329,00"
11752.0,"1.939,00"
2780.0,"2.469,00"
8049.0,"1.939,00"
15578.0,"2.469,00"
11360.0,"1.939,00"
3491.0,"2.469,00"
10000.0,"3.439,00"
158.0,"1.939,00"
12312.0,"1.939,00"
8317.0,"2.469,00"
12016.0,"2.469,00"
11373.0,"2.329,00"
15579.0,"2.329,00"
12018.0,"1.939,00"
8315.0,"1.939,00"
15580.0,"1.939,00"
12017.0,"2.329,00"
4091.0,"2.469,00"
4115.0,"2.469,00"
4103.0,"2.469,00"
10603.0,"2.329,00"
8625.0,"2.469,00"
10604.0,"1.939,00"
12494.0,"1.939,00"
11500.0,"1.939,00"
5112.0,"2.329,00"
4284.0,"2.329,00"
4283.0,"2.469,00"
3492.0,"2.329,00"
5123.0,"2.469,00"
14215.0,"2.329,00"
7995.0,"2.469,00"
8051.0,"2.469,00"
1066.0,"1.939,00"
837.0,"319,00"
844.0,"2.329,00"
10714.0,"2.469,00"
4117.0,"1.939,00"
4429.0,"1.939,00"
3984.0,"1.759,00"
12395.0,"2.329,00"
12367.0,"2.329,00"
1573.0,"1.939,00"
2861.0,"2.469,00"
835.0,"1.939,00"
9890.0,"1.939,00"
5231.0,"2.469,00"
5243.0,"2.469,00"
12578.0,"1.939,00"
7307.0,"1.939,00"
1558.0,"2.329,00"
1542.0,"2.329,00"
7952.0,"2.329,00"
7938.0,"2.329,00"
7896.0,"2.329,00"
7882.0,"2.329,00"
8919.0,"2.469,00"
8638.0,"2.329,00"
12144.0,"1.939,00"
13572.0,"1.939,00"
8022.0,"2.329,00"
9608.0,"2.469,00"
109.0,"1.939,00"
8946.0,"2.329,00"
15595.0,"1.939,00"
15625.0,"1.939,00"
13403.0,"3.869,00"
15610.0,"1.939,00"
10646.0,"1.939,00"
3708.0,"2.329,00"
3709.0,"1.939,00"
3995.0,"2.469,00"
858.0,"319,00"
12213.0,"2.329,00"
12716.0,"2.469,00"
12983.0,"2.329,00"
11834.0,"2.469,00"
17485.0,"1.939,00"
17484.0,"2.329,00"
9524.0,"2.469,00"
12212.0,"2.469,00"
3901.0,"1.939,00"
9889.0,"2.329,00"
9652.0,"619,00"
8807.0,"2.469,00"
3792.0,"1.759,00"
3791.0,"2.469,00"
7855.0,"2.469,00"
7953.0,"2.469,00"
7939.0,"2.469,00"
8077.0,"1.939,00"
2782.0,"2.469,00"
12814.0,"2.469,00"
12352.0,"2.469,00"
3527.0,"2.469,00"
1781.0,"1.939,00"
15505.0,"1.939,00"
3997.0,"1.879,00"
15503.0,"2.469,00"
15504.0,"2.329,00"
15520.0,"1.939,00"
12269.0,"2.329,00"
15640.0,"1.939,00"
11458.0,"1.939,00"
15638.0,"2.469,00"
9245.0,"2.329,00"
15654.0,"2.329,00"
8889.0,"1.939,00"
8917.0,"1.939,00"
2871.0,"2.469,00"
4811.0,"2.469,00"
11792.0,"2.469,00"
11793.0,"2.329,00"
9609.0,"2.329,00"
10982.0,"1.939,00"
12634.0,"1.939,00"
10980.0,"2.469,00"
6467.0,"1.939,00"
7489.0,"1.939,00"
3912.0,"2.329,00"
12437.0,"2.329,00"
12436.0,"2.469,00"
10490.0,"2.469,00"
15519.0,"2.329,00"
9875.0,"2.329,00"
9874.0,"2.469,00"
8372.0,"2.329,00"
8373.0,"2.469,00"
7491.0,"2.469,00"
9888.0,"2.469,00"
5245.0,"1.939,00"
4824.0,"2.329,00"
4823.0,"2.469,00"
11388.0,"1.939,00"
11764.0,"2.469,00"
4105.0,"1.939,00"
11751.0,"2.329,00"
12816.0,"1.939,00"
849.0,"1.939,00"
856.0,"1.939,00"
851.0,"319,00"
863.0,"1.939,00"
1534.0,"2.329,00"
12158.0,"1.939,00"
14061.0,"2.329,00"
12968.0,"2.469,00"
12982.0,"2.469,00"
2858.0,"2.469,00"
10686.0,"2.469,00"
2854.0,"2.469,00"
12646.0,"2.469,00"
772.0,"1.939,00"
7867.0,"1.939,00"
108.0,"2.329,00"
12297.0,"2.329,00"
11443.0,"2.329,00"
9736.0,"1.939,00"
9735.0,"2.329,00"
5041.0,"1.939,00"
5101.0,"1.939,00"
12829.0,"2.329,00"
11346.0,"1.939,00"
3239.0,"2.469,00"
5100.0,"2.329,00"
4309.0,"1.939,00"
4321.0,"1.939,00"
11372.0,"2.469,00"
12199.0,"2.329,00"
1693.0,"1.939,00"
1669.0,"1.939,00"
1661.0,"1.939,00"
11387.0,"2.329,00"
11374.0,"1.939,00"
3493.0,"1.939,00"
8793.0,"2.469,00"
1549.0,"1.939,00"
7545.0,"829,00"
3683.0,"2.469,00"
13222.0,"1.939,00"
8806.0,"2.329,00"
4825.0,"1.939,00"
3156.0,"2.329,00"
9568.0,"1.939,00"
3144.0,"2.329,00"
3145.0,"1.939,00"
5244.0,"2.329,00"
4548.0,"2.329,00"
4129.0,"1.669,00"
4835.0,"2.469,00"
3385.0,"1.939,00"
3384.0,"2.329,00"
14214.0,"2.469,00"
14216.0,"1.939,00"
1782.0,"2.329,00"
13879.0,"2.329,00"
9483.0,"2.329,00"
3505.0,"1.939,00"
7993.0,"1.939,00"
11344.0,"2.469,00"
11345.0,"2.329,00"
15518.0,"2.469,00"
5446.0,"2.329,00"
11038.0,"1.939,00"
12675.0,"2.329,00"
11136.0,"1.939,00"
14075.0,"2.329,00"
14074.0,"2.469,00"
9162.0,"1.939,00"
9820.0,"1.939,00"
12815.0,"2.329,00"
4427.0,"2.469,00"
774.0,"2.329,00"
3925.0,"1.939,00"
4092.0,"2.329,00"
4175.0,"2.469,00"
4440.0,"2.329,00"
4187.0,"2.469,00"
4163.0,"2.469,00"
3157.0,"1.939,00"
3265.0,"1.939,00"
10560.0,"2.469,00"
4643.0,"2.469,00"
4655.0,"2.469,00"
11094.0,"1.939,00"
8918.0,"2.329,00"
9526.0,"1.939,00"
11696.0,"1.939,00"
2809.0,"2.469,00"
4032.0,"1.759,00"
3863.0,"2.469,00"
9819.0,"2.329,00"
9818.0,"2.469,00"
11555.0,"2.329,00"
865.0,"2.329,00"
14076.0,"1.939,00"
12632.0,"2.469,00"
14034.0,"1.939,00"
3517.0,"1.939,00"
13865.0,"2.329,00"
13880.0,"1.939,00"
3899.0,"2.469,00"
3900.0,"2.329,00"
3829.0,"1.939,00"
13864.0,"2.469,00"
3757.0,"1.939,00"
10590.0,"1.939,00"
13866.0,"1.939,00"
11694.0,"2.469,00"
10589.0,"2.329,00"
10575.0,"2.329,00"
3444.0,"2.329,00"
3443.0,"2.469,00"
8778.0,"2.329,00"
11036.0,"2.469,00"
11092.0,"2.469,00"
11612.0,"1.939,00"
13010.0,"2.469,00"
13012.0,"1.939,00"
11134.0,"2.469,00"
12101.0,"2.329,00"
7979.0,"1.939,00"
8091.0,"1.939,00"
9832.0,"2.469,00"
9258.0,"2.469,00"
10645.0,"2.329,00"
11037.0,"2.329,00"
11836.0,"1.939,00"
9484.0,"1.939,00"
2872.0,"2.469,00"
11610.0,"2.469,00"
11596.0,"2.469,00"
4333.0,"1.939,00"
12690.0,"1.989,00"
14062.0,"1.939,00"
3685.0,"1.939,00"
5232.0,"2.329,00"
12059.0,"2.329,00"
10561.0,"2.329,00"
14244.0,"1.939,00"
4405.0,"1.939,00"
4381.0,"1.939,00"
11498.0,"2.469,00"
11499.0,"2.329,00"
12186.0,"1.939,00"
4404.0,"2.329,00"
12088.0,"1.939,00"
4657.0,"1.939,00"
4645.0,"1.939,00"
13894.0,"1.939,00"
14258.0,"1.939,00"
14047.0,"2.329,00"
3575.0,"2.469,00"
3588.0,"2.329,00"
3576.0,"2.329,00"
4043.0,"2.469,00"
14242.0,"2.469,00"
12200.0,"1.939,00"
1605.0,"1.939,00"
11695.0,"2.329,00"
11680.0,"2.469,00"
1501.0,"1.939,00"
12676.0,"1.989,00"
10576.0,"1.939,00"
3947.0,"2.469,00"
13655.0,"2.329,00"
7601.0,"1.939,00"
9806.0,"1.939,00"
13893.0,"2.329,00"
13878.0,"2.469,00"
15430.0,"1.939,00"
1646.0,"2.329,00"
1725.0,"1.939,00"
1701.0,"1.939,00"
1645.0,"1.939,00"
9595.0,"2.329,00"
15429.0,"2.329,00"
5921.0,0
14243.0,"2.329,00"
12129.0,"2.329,00"
10688.0,"1.939,00"
9161.0,"2.329,00"
2781.0,"2.469,00"
809.0,"2.329,00"
13206.0,"2.469,00"
13208.0,"1.939,00"
3996.0,"2.329,00"
13207.0,"2.329,00"
1526.0,"2.329,00"
4993.0,"1.939,00"
5161.0,"1.939,00"
5149.0,"1.939,00"
4057.0,"1.669,00"
3875.0,"2.469,00"
3887.0,"2.469,00"
13654.0,"2.469,00"
7588.0,"2.329,00"
12492.0,"2.469,00"
13669.0,"2.329,00"
3251.0,"2.469,00"
1622.0,"2.329,00"
9244.0,"2.469,00"
13026.0,"1.939,00"
12046.0,"1.939,00"
13892.0,"2.469,00"
14256.0,"2.469,00"
3529.0,"1.939,00"
11626.0,"1.939,00"
14257.0,"2.329,00"
1621.0,"1.939,00"
12172.0,"1.939,00"
14060.0,"2.469,00"
1629.0,"1.939,00"
3767.0,"2.469,00"
3755.0,"2.469,00"
3768.0,"2.329,00"
3769.0,"1.939,00"
3756.0,"1.759,00"
3780.0,"2.329,00"
3781.0,"1.939,00"
13236.0,"1.939,00"
1469.0,"1.939,00"
1518.0,"2.329,00"
1510.0,"2.329,00"
2873.0,"2.469,00"
11640.0,"1.939,00"
2877.0,"2.469,00"
15428.0,"2.469,00"
13613.0,"2.329,00"
13752.0,"2.469,00"
13794.0,"2.469,00"
4020.0,"2.329,00"
11877.0,"2.329,00"
11569.0,"2.329,00"
13040.0,"1.939,00"
13038.0,"2.469,00"
13054.0,"1.939,00"
15263.0,"2.469,00"
13670.0,"1.939,00"
13753.0,"2.329,00"
13599.0,"2.329,00"
13809.0,"2.329,00"
13556.0,"2.469,00"
13584.0,"2.469,00"
13570.0,"2.469,00"
15278.0,"2.469,00"
13542.0,"2.469,00"
14032.0,"2.469,00"
3263.0,"2.469,00"
14033.0,"2.329,00"
6538.0,"2.329,00"
11681.0,"2.329,00"
14102.0,"2.469,00"
13684.0,"1.939,00"
13516.0,"1.939,00"
13656.0,"1.939,00"
13767.0,"2.329,00"
14048.0,"1.939,00"
13795.0,"2.329,00"
1494.0,"2.329,00"
14286.0,"1.939,00"
13598.0,"2.469,00"
13612.0,"2.469,00"
13766.0,"2.469,00"
13796.0,"1.939,00"
13768.0,"1.939,00"
13600.0,"1.939,00"
14103.0,"2.329,00"
13780.0,"2.469,00"
14104.0,"1.939,00"
13754.0,"1.939,00"
9693.0,"2.329,00"
7448.0,"2.329,00"
7449.0,"2.469,00"
7447.0,"1.939,00"
11848.0,"2.469,00"
13726.0,"1.939,00"
3961.0,"1.939,00"
9721.0,"2.329,00"
11876.0,"2.469,00"
12031.0,"2.329,00"
11485.0,"2.329,00"
13724.0,"2.469,00"
13725.0,"2.329,00"
13641.0,"2.329,00"
13781.0,"2.329,00"
13627.0,"2.329,00"
1613.0,"1.939,00"
15264.0,"2.329,00"
13543.0,"2.329,00"
9706.0,"2.469,00"
12058.0,"2.469,00"
15279.0,"2.329,00"
13571.0,"2.329,00"
13782.0,"1.939,00"
13628.0,"1.939,00"
11652.0,"2.469,00"
7925.0,"2.469,00"
7923.0,"1.939,00"
13668.0,"2.469,00"
14046.0,"2.469,00"
921.0,"2.329,00"
12674.0,"2.469,00"
14118.0,"1.939,00"
13544.0,"1.939,00"
14090.0,"1.939,00"
13739.0,"2.329,00"
13557.0,"2.329,00"
2880.0,"2.469,00"
1709.0,"1.939,00"
1710.0,"2.329,00"
10588.0,"2.469,00"
12214.0,"1.939,00"
13263.0,"2.329,00"
7839.0,"1.939,00"
13264.0,"1.939,00"
12102.0,"1.939,00"
3456.0,"2.329,00"
9525.0,"2.329,00"
5436.0,"2.329,00"
5435.0,"1.939,00"
4009.0,"1.669,00"
9860.0,"2.469,00"
9861.0,"2.329,00"
11135.0,"2.329,00"
15594.0,"2.329,00"
15623.0,"2.469,00"
15624.0,"2.329,00"
1638.0,"2.329,00"
8904.0,"2.329,00"
1541.0,"1.939,00"
3911.0,"2.469,00"
4439.0,"2.469,00"
11107.0,"2.329,00"
11666.0,"2.469,00"
15593.0,"2.469,00"
6679.0,"2.469,00"
11106.0,"2.469,00"
11120.0,"2.469,00"
11121.0,"2.329,00"
11108.0,"1.939,00"
2853.0,"2.469,00"
3455.0,"2.469,00"
12128.0,"2.469,00"
1525.0,"1.939,00"
9833.0,"2.329,00"
11988.0,"2.469,00"
4297.0,"1.939,00"
1557.0,"1.939,00"
1702.0,"2.329,00"
6693.0,"2.469,00"
10996.0,"1.939,00"
4345.0,"1.939,00"
3457.0,"1.939,00"
4331.0,"2.469,00"
9638.0,"1.939,00"
4213.0,"1.939,00"
4249.0,"1.939,00"
4127.0,"2.469,00"
3935.0,"2.469,00"
11583.0,"2.329,00"
13053.0,"2.329,00"
13025.0,"2.329,00"
15609.0,"2.329,00"
3864.0,"2.329,00"
1597.0,"1.939,00"
1589.0,"1.939,00"
4031.0,"2.469,00"
12688.0,"2.469,00"
15460.0,"1.939,00"
15445.0,"1.939,00"
4547.0,"2.469,00"
3876.0,"2.329,00"
12648.0,"1.939,00"
2856.0,"2.469,00"
15655.0,"1.939,00"
3503.0,"2.469,00"
3504.0,"2.329,00"
9624.0,"1.939,00"
9596.0,"749,00"
1678.0,"2.329,00"
1654.0,"2.329,00"
2874.0,"2.469,00"
2808.0,"2.469,00"
12647.0,"2.329,00"
11064.0,"2.469,00"
11066.0,"1.939,00"
11122.0,"1.939,00"
13642.0,"1.939,00"
13852.0,"1.939,00"
13614.0,"1.939,00"
15280.0,"1.939,00"
15265.0,"1.939,00"
13640.0,"2.469,00"
13838.0,"1.939,00"
914.0,"2.329,00"
4344.0,"2.329,00"
12633.0,"2.329,00"
919.0,"1.939,00"
912.0,"1.939,00"
12577.0,"2.329,00"
12576.0,"2.469,00"
11276.0,"1.939,00"
8707.0,"1.939,00"
13683.0,"2.329,00"
13697.0,"2.329,00"
13740.0,"1.939,00"
1598.0,"2.329,00"
4153.0,"1.939,00"
4152.0,"2.329,00"
4128.0,"2.329,00"
4151.0,"2.469,00"
13558.0,"1.939,00"
4141.0,"1.939,00"
13586.0,"1.939,00"
4140.0,"2.329,00"
13738.0,"2.469,00"
9160.0,"2.469,00"
12060.0,"1.939,00"
12142.0,"2.469,00"
12143.0,"2.329,00"
3613.0,"1.939,00"
3924.0,"2.329,00"
3923.0,"2.469,00"
3841.0,"1.939,00"
12171.0,"2.329,00"
12044.0,"2.469,00"
2862.0,"2.469,00"
11484.0,"2.469,00"
8890.0,"2.329,00"
3803.0,"2.469,00"
11611.0,"2.329,00"
11598.0,"1.939,00"
9594.0,"2.469,00"
9637.0,"2.329,00"
9636.0,"2.469,00"
9622.0,"2.469,00"
4644.0,"2.329,00"
4656.0,"2.329,00"
9846.0,"2.469,00"
7881.0,"1.939,00"
8805.0,"1.939,00"
7853.0,"1.939,00"
9847.0,"2.329,00"
4308.0,"2.329,00"
4320.0,"2.329,00"
15608.0,"2.469,00"
15653.0,"2.469,00"
11582.0,"2.469,00"
11584.0,"1.939,00"
11008.0,"2.469,00"
10995.0,"2.329,00"
10994.0,"2.469,00"
1493.0,"1.939,00"
5437.0,"2.469,00"
9722.0,"1.939,00"
1446.0,"2.329,00"
11779.0,"2.329,00"
11778.0,"2.469,00"
13039.0,"2.329,00"
7463.0,"2.469,00"
11528.0,"1.939,00"
7951.0,"1.939,00"
1717.0,"1.939,00"
2870.0,"2.469,00"
11542.0,"1.939,00"
4343.0,"2.469,00"
2867.0,"2.469,00"
4177.0,"1.939,00"
11540.0,"2.469,00"
11541.0,"2.329,00"
4332.0,"2.329,00"
13712.0,"1.939,00"
14089.0,"2.329,00"
14088.0,"2.469,00"
4164.0,"2.329,00"
3516.0,"2.329,00"
3587.0,"2.469,00"
15669.0,"2.329,00"
3960.0,"2.329,00"
12130.0,"1.939,00"
11990.0,"1.939,00"
11150.0,"1.939,00"
11164.0,"1.939,00"
17483.0,"2.469,00"
4271.0,"2.469,00"
4008.0,"1.349,00"
4273.0,"1.939,00"
1485.0,"1.939,00"
15444.0,"2.329,00"
15459.0,"2.329,00"
4549.0,"1.939,00"
9623.0,"2.329,00"
3971.0,"2.469,00"
3959.0,"2.469,00"
11989.0,"2.329,00"
1502.0,"2.329,00"
2878.0,"2.469,00"
1670.0,"2.329,00"
1694.0,"2.329,00"
2876.0,"2.469,00"
4357.0,"1.939,00"
4393.0,"1.939,00"
4369.0,"1.939,00"
12030.0,"2.469,00"
13810.0,"1.939,00"
13626.0,"2.469,00"
13515.0,"2.329,00"
11682.0,"1.939,00"
13220.0,"2.469,00"
13221.0,"2.329,00"
8791.0,"1.939,00"
4116.0,"2.329,00"
13024.0,"2.469,00"
4307.0,"2.469,00"
12493.0,"2.329,00"
11554.0,"2.469,00"
1566.0,"2.329,00"
2869.0,"2.469,00"
1606.0,"2.329,00"
1590.0,"2.329,00"
4379.0,"2.469,00"
4380.0,"2.329,00"
1517.0,"1.939,00"
3468.0,"2.329,00"
13836.0,"2.469,00"
13850.0,"2.469,00"
13585.0,"2.329,00"
13822.0,"2.469,00"
12591.0,"2.329,00"
3851.0,"2.469,00"
926.0,"1.939,00"
13851.0,"2.329,00"
